Red,Green,Blue,Output
1,1,1,1
0.891627836706884,0.04971341503665894,0.853154444404228,1
0.9761380177043706,0.6246809644644367,0.49678803660670345,0
0.9734103800575085,0.45069217192236155,0.3075356208337423,1
0.40331868589750397,0.8442002467797209,0.9528686165813867,1
0.5452643187688293,0.6447963553512215,0.7672883173985969,1
0.08330434010531484,0.1925656648636247,0.18539894159546022,1
